Model,ROC-AUC,PR-AUC,F1-Score,Recall,Precision,Best_CV_PR_AUC,N_Optuna_Trials,Selected_As_Champion
Random Forest Baseline,0.9183046568111057,0.8490232009676552,0.741137354808066,0.7947768105204668,0.6942803980260497,0.8063834336983228,10,No
XGBoost Champion,0.9199738538156427,0.8519642593705814,0.7496018251474323,0.8063530283385812,0.7003136813319392,0.8090576142160969,10,YES
